Description,setSize,enrichmentScore,NES,pvalue,p.adjust,qvalues,rank,leading_edge,core_enrichment
HALLMARK_MITOTIC_SPINDLE,199,0.4659301443932017,1.897001003758602,0.0001832172957127153,0.0006472659486329744,0.000231653076352854,4236,"tags=42%, list=15%, signal=36%",NEDD9/NUMA1/KIF3C/CNTRL/DST/AKAP13/WASF2/RICTOR/BCL2L11/CYTH2/ABI1/SPTAN1/SORBS2/TSC1/CENPF/CEP57/WASL/FGD4/RAPGEF5/TRIO/RABGAP1/CLASP1/ALMS1/PCNT/KNTC1/CENPE/ARFGEF1/TTK/FLNB/ITSN1/GSN/DYNC1H1/ARHGAP29/DOCK4/RANBP9/RHOF/OPHN1/CD2AP/SOS1/ABL1/RASA2/SASS6/CLIP2/CKAP5/NET1/PCM1/INCENP/NCK2/NF1/KIFAP3/CCNB2/NEK2/NCK1/ESPL1/HOOK3/NIN/ARL8A/FGD6/SUN2/RAB3GAP1/ROCK1/KIF4A/SMC3/CLIP1/DLGAP5/EPB41L2/NDC80/RASAL2/SPTBN1/TUBGCP6/LLGL1/TOP2A/ARHGEF12/RASA1/CDC42BPA/EPB41/NOTCH2/KIF1B/HDAC6/NUSAP1/KIF11/STK38L/ARHGAP5
HALLMARK_HYPOXIA,198,0.4828641369370668,1.96417030222151,0.0001837559720690923,0.0006472659486329744,0.000231653076352854,2164,"tags=24%, list=8%, signal=22%",IRS2/ERRFI1/PIM1/CCNG2/KLHL24/CITED2/DCN/PNRC1/AMPD3/MXI1/CDKN1B/CCN1/BTG1/FOSL2/BNIP3L/CXCR4/KLF6/FOXO3/KDM3A/TIPARP/P4HA1/KLF7/SRPX/MAFF/NDRG1/NEDD4L/DUSP1/ATF3/AKAP12/INHA/MAP3K1/ANKZF1/PPP1R15A/HDLBP/ZNF292/LOX/RORA/EFNA1/CAV1/TES/NFIL3/EGFR/NR3C1/NDST2/GPC4/PAM/STBD1
HALLMARK_HEME_METABOLISM,185,0.5251718147745499,2.117129058883273,0.000185013876040703,0.0006472659486329744,0.000231653076352854,4235,"tags=39%, list=15%, signal=34%",DAAM1/YPEL5/MXI1/RIOK3/SDCBP/SLC6A9/CCDC28A/AQP3/BNIP3L/OPTN/TNRC6B/ALDH6A1/GCLC/MKRN1/FOXO3/TFDP2/DCAF11/KHNYN/EZH1/ERMAP/CTSB/HTATIP2/CAT/MARCH8/LRP10/RNF19A/KDM7A/KLF3/VEZF1/ISCA1/TMCC2/NFE2L1/CIR1/SLC7A11/SEC14L1/SIDT2/RHD/MBOAT2/LPIN2/CA2/KEL/PPOX/FOXJ2/NR3C1/ADIPOR1/SLC25A37/LAMP2/BTG2/CAST/RNF123/C3/AGPAT4/RBM5/HAGH/BACH1/NEK7/BTRC/DCAF10/IGSF3/DCUN1D1/RANBP10/ARHGEF12/SYNJ1/EPB41/ADD2/FBXO34/GDE1/GYPA/LMO2/FBXO7/ACP5/CLCN3/H1F0
HALLMARK_EPITHELIAL_MESENCHYMAL_TRANSITION,189,0.452434429220221,1.827960043979356,0.0001852881230313137,0.0006472659486329744,0.000231653076352854,4361,"tags=35%, list=15%, signal=30%",DKK1/GAS1/DCN/FOXC2/TGFBR3/CCN1/DST/IL15/LRP1/WIPF1/MYLK/ITGA2/SLIT2/FN1/MMP14/FBLN5/THBS2/ID2/FBLN1/CDH2/TIMP3/COL4A2/OXTR/LOX/FAP/CD44/ITGAV/COL6A3/DPYSL3/LAMA3/LAMC1/LUM/COL5A2/CXCL6/FBN1/CXCL8/DAB2/BDNF/MMP1/VCAN/PLOD1/COL3A1/LAMC2/NT5E/GREM1/SNAI2/COL1A2/FBN2/ITGB1/TNFAIP3/SPOCK1/GJA1/COL6A2/SLIT3/COPA/GADD45B/CTHRC1/COL12A1/NOTCH2/GLIPR1/CALU/POSTN/FERMT2/SPARC/VEGFC/EFEMP2
HALLMARK_UV_RESPONSE_DN,144,0.5423000570628963,2.113358828330313,0.0001861850679575498,0.0006472659486329744,0.000231653076352854,4035,"tags=44%, list=14%, signal=38%",HAS2/CITED2/CDKN1B/TFPI/NR1D2/TGFBR3/CCN1/PTGFR/ATXN1/FZD2/LTBP1/NFIB/IGF1R/SMAD3/NIPBL/ADD3/DUSP1/ERBB2/FYN/SYNE1/AKT3/FBLN5/YTHDC1/TJP1/PHF3/MAP2K5/ICA1/CAV1/ZMIZ1/RASA2/PIK3CD/NR3C1/PTPRM/TGFBR2/LAMC1/COL5A2/TENT4A/MET/MAP1B/DAB2/BDNF/NEK7/SCHIP1/COL3A1/ATP2B4/ATRN/ADGRL2/SNAI2/COL1A2/AMPH/VLDLR/AL162171.1/GJA1/ATP2B1/DYRK1A/CDC42BPA/KALRN/ATRX/INPP4B/NOTCH2/PLCB4/SIPA1L1/EFEMP1
HALLMARK_KRAS_SIGNALING_DN,159,0.4851472479750165,1.915556251036011,0.0001864280387770321,0.0006472659486329744,0.000231653076352854,2079,"tags=21%, list=7%, signal=19%",ZBTB16/SLC29A3/SGK1/COQ8A/LYPD3/PDK2/PTGFR/SELENOP/MFSD6/LFNG/NR4A2/GPRC5C/YPEL1/BMPR1B/C5/NR6A1/STAG3/CLDN16/KRT15/FGFR3/PLAG1/TGFB2/GPR19/DLK2/FGF22/CPEB3/MAST3/TFCP2L1/CYP39A1/CELSR2/BTG2/PRODH/ABCB11
HALLMARK_APOPTOSIS,156,0.4687194913816105,1.847129478003553,0.0001864975755315181,0.0006472659486329744,0.000231653076352854,2035,"tags=28%, list=7%, signal=26%",ERBB3/TXNIP/DCN/BMF/PDCD4/TNFSF10/F2R/CDKN1B/NEDD9/TGFBR3/CFLAR/BNIP3L/SATB1/PTK2/BIRC3/IFNGR1/BCL2L11/WEE1/CYLD/SPTAN1/BMP2/RETSAT/LGALS3/ATF3/ERBB2/LEF1/TIMP2/CREBBP/TGFB2/DPYD/CLU/GUCY2D/HMGB2/GSN/TIMP3/IGF2R/APP/CD44/MADD/CAV1/PSEN1/BTG2/LUM
HALLMARK_MYC_TARGETS_V2,58,-0.8448250547073222,-2.929982106254397,0.0002058460271716756,0.0006472659486329744,0.000231653076352854,2065,"tags=79%, list=7%, signal=74%",PHB/SUPV3L1/NOC4L/SORD/TBRG4/CBX3/MAP3K6/CDK4/HSPE1/RRP12/PES1/DDX18/PRMT3/SRM/WDR74/DCTPP1/HSPD1/NOLC1/RABEPK/SLC19A1/IMP4/PA2G4/MRTO4/MYBBP1A/RRP9/WDR43/AIMP2/GNL3/HK2/RCL1/DUSP2/TFB2M/PUS1/SLC29A2/MPHOSPH10/NDUFAF4/PPAN/FARSA/TMEM97/NOP56/NOP16/NOP2/GRWD1/NIP7/PPRC1/BYSL
HALLMARK_CHOLESTEROL_HOMEOSTASIS,73,-0.5353959592383878,-1.936127926895888,0.0002096875655273642,0.0006472659486329744,0.000231653076352854,2451,"tags=42%, list=9%, signal=39%",PMVK/ACSS2/EBP/PPARG/HMGCR/GPX8/TM7SF2/ALDOC/LSS/HSD17B7/FDPS/SCD/SC5D/STARD4/TRIB3/LDLR/FABP5/FDFT1/ATF5/ACAT2/CHKA/PCYT2/MVD/MVK/TMEM97/TNFRSF12A/CYP51A1/SQLE/NSDHL/HMGCS1/IDI1
HALLMARK_UV_RESPONSE_UP,151,-0.4801595794300272,-1.93892961512412,0.0002150075252633842,0.0006472659486329744,0.000231653076352854,3348,"tags=34%, list=12%, signal=31%",TYRO3/CEBPG/SLC6A8/ABCB1/LYN/CNP/POLR2H/PPP1R2/MGAT1/RAB27A/GLS/CHRNA5/BTG3/ALAS1/SLC25A4/E2F5/GCH1/CASP3/SPR/MSX1/POLG2/CXCL2/YKT6/H2AFX/TARS/HNRNPU/NKX2-5/EIF5/HYAL2/ASNS/GRPEL1/CCND3/SIGMAR1/TUBA4A/BAK1/PPAT/DDX21/FEN1/CHKA/PARP2/POLE3/CCNE1/CYB5B/CLCN2/CDKN1C/STIP1/FKBP4/PPIF/HSPA2/AMD1/DNAJA1/DNAJB1
HALLMARK_UNFOLDED_PROTEIN_RESPONSE,113,-0.5908424649545744,-2.285558128855199,0.0002152389151958674,0.0006472659486329744,0.000231653076352854,4092,"tags=50%, list=14%, signal=43%",KIF5B/POP4/ATP6V0D1/SPCS1/VEGFA/STC2/SDAD1/ATF4/ARFGAP1/DNAJA4/SRPRA/CEBPG/CALR/CXXC1/SRPRB/DDIT4/MTHFD2/BANF1/CHAC1/SLC30A5/CKS1B/NFYA/EIF4A1/DDX10/NOP14/KDELR3/LSM1/TATDN2/EIF4G1/IMP3/HSPA5/SERP1/H2AFX/FUS/TARS/NOLC1/EXOSC4/EIF4A3/SLC7A5/IFIT1/ASNS/EXOSC9/PREB/ALDH18A1/RRP9/TUBB2A/EIF2S1/BAG3/DKC1/GOSR2/PSAT1/XBP1/EXOSC2/NOP56/EIF4E/GEMIN4
HALLMARK_DNA_REPAIR,150,-0.5415092174987373,-2.183399636388801,0.0002156566745740781,0.0006472659486329744,0.000231653076352854,6468,"tags=59%, list=23%, signal=46%",SSRP1/CDA/POLR2J/TAF9/DGCR8/LIG1/EDF1/SEC61A1/NELFB/POLR1D/APRT/NPR2/CMPK2/POLD1/TAF10/ERCC2/NME4/ERCC1/DUT/SAC3D1/ERCC3/AK1/NELFCD/TYMS/UPF3B/TARBP2/DAD1/GTF2H5/POM121/ERCC8/POLR3GL/BCAP31/GUK1/NT5C/HPRT1/POLR2I/SNAPC4/POLR2F/TAF12/RAD51/GMPR2/RBX1/CCNO/POLR2H/SUPT5H/NME1/POLE4/VPS37B/DGUOK/SNAPC5/NME3/SF3A3/IMPDH2/COX17/POLA2/POLR2G/BRF2/GTF2B/ITPA/RFC5/PCNA/GTF2H1/ADA/SRSF6/RFC2/ALYREF/ADRM1/PDE4B/ZNRD1/POLR2K/RPA2/CSTF3/RFC3/GTF2A2/CLP1/POLR2C/POLB/POLR2D/POLR1C/ELOA/NUDT9/FEN1/NCBP2/RAE1/ZWINT/TAF13/UMPS/PNP
HALLMARK_E2F_TARGETS,200,-0.5156883178535564,-2.153004021218039,0.0002189621195533173,0.0006472659486329744,0.000231653076352854,4194,"tags=44%, list=15%, signal=38%",PRDX4/NAA38/GINS4/LBR/NUP205/SNRPB/SRSF1/RNASEH2A/CDKN3/RAD51C/RAD1/SYNCRIP/CHEK2/DONSON/RRM2/CDK1/NME1/MYBL2/POLE4/DDX39A/MTHFD2/SPC25/CTCF/ORC2/MCM7/JPT1/LUC7L3/CDCA8/POLA2/SPAG5/POLD2/TBRG4/AK2/CDK4/CKS1B/TUBB/PCNA/CENPM/RANBP1/MCM3/HELLS/GSPT1/SRSF2/MCM6/RFC2/EXOSC8/RAN/SLBP/ANP32E/BIRC5/UBE2S/ASF1B/DCTPP1/POP7/HNRNPD/EED/H2AFX/SUV39H1/RPA2/TACC3/ORC6/TRIP13/PRPS1/NOLC1/RFC3/CKS2/MAD2L1/TIPIN/PA2G4/UBE2T/CNOT9/LMNB1/PHF5A/KPNA2/DSCC1/PNN/PSMC3IP/GINS3/EIF2S1/TRA2B/CCNE1/CDC20/GINS1/CTPS1/LYAR/AURKA/NOP56/CDC25A/CDKN1A
HALLMARK_OXIDATIVE_PHOSPHORYLATION,200,-0.5024835536863846,-2.097873995256834,0.0002189621195533173,0.0006472659486329744,0.000231653076352854,7066,"tags=68%, list=25%, signal=51%",NDUFA9/SDHD/LDHA/COX4I1/NDUFV2/UQCRH/COX6B1/PDHX/ATP5ME/NDUFA2/ATP6V1H/ATP6V1F/COX7C/ATP5F1E/NDUFB6/ACO2/COX6C/NDUFC1/NDUFB3/NDUFA1/NDUFA7/COX5B/ECH1/COX6A1/ATP5PF/NDUFB7/NDUFB1/COX7B/COX5A/AFG3L2/ATP5PB/COX7A2/FDX1/SUCLG1/MTRF1/NDUFS7/ATP5PO/MDH2/SDHC/MDH1/AIFM1/NDUFS8/NDUFB8/BAX/NDUFV1/PDHA1/SDHB/NDUFB5/ECI1/SLC25A3/MRPL15/ATP5MG/NDUFS6/SLC25A12/ATP5F1B/ATP5MC2/NDUFB2/MRPL11/ACAA1/NDUFAB1/OXA1L/UQCR11/IDH3B/UQCRQ/DECR1/IMMT/IDH3G/COX7A2L/ATP5F1A/PRDX3/MRPS15/ECHS1/UQCR10/ATP1B1/ATP5F1D/MRPS22/TIMM50/POLR2F/ATP6V1D/VDAC1/DLAT/LDHB/ATP5PD/NDUFC2/SUPV3L1/HSD17B10/PHB2/ATP5MC1/MPC1/TOMM22/SLC25A20/TIMM13/COX17/ATP6V0C/FH/NDUFS3/NDUFA6/TIMM8B/ATP6V0E1/ATP5F1C/IDH3A/ALAS1/SLC25A4/MRPS11/ATP5MC3/RHOT2/ATP6V0B/NDUFA8/CYC1/POR/NQO2/ATP6V1G1/UQCRFS1/CYB5A/ATP6V1E1/PMPCA/MTRR/MTX2/TIMM10/TOMM70/VDAC3/MRPS12/MRPL35/SLC25A11/VDAC2/MRPL34/CASP7/TIMM9/FXN/GRPEL1/MRPS30/HCCS/OGDH/CYCS/IDH1/TIMM17A
HALLMARK_G2M_CHECKPOINT,198,-0.4843693500456961,-2.020327627177254,0.0002192982456140351,0.0006472659486329744,0.000231653076352854,4122,"tags=40%, list=14%, signal=35%",LBR/KIF5B/PRPF4B/UBE2C/SRSF1/KPNB1/CDC45/CDKN3/PURA/DTYMK/CHAF1A/SYNCRIP/MEIS2/CDK1/FBXO5/MYBL2/DDX39A/DBF4/CTCF/CUL1/JPT1/HIF1A/CBX1/POLA2/CHMP1A/SNRPD1/CDK4/CKS1B/TNPO2/EWSR1/MCM3/PML/GSPT1/SRSF2/PBK/SFPQ/CUL3/ORC5/MCM6/LIG3/BIRC5/UBE2S/GINS2/HNRNPD/H2AFX/SUV39H1/UCK2/RPA2/TACC3/ORC6/G3BP1/HNRNPU/NOLC1/CKS2/TFDP1/BCL3/PRMT5/SLC7A5/UPF1/MAD2L1/E2F4/ODC1/TOP1/LMNB1/ATF5/KPNA2/SRSF10/TRA2B/RBM14/CDC20/DKC1/E2F3/AURKA/HIRA/CCND1/CDC6/CDC25A/SQLE/AMD1/HSPA8
HALLMARK_MTORC1_SIGNALING,199,-0.6491786411690362,-2.707839251027224,0.0002200704225352113,0.0006472659486329744,0.000231653076352854,3233,"tags=50%, list=11%, signal=44%",PSMC6/ENO1/SYTL2/IMMT/DHCR7/CALR/HPRT1/PRDX1/ATP6V1D/RRM2/SLA/ATP5MC1/PSMG1/IFRD1/DDX39A/DDIT4/MTHFD2/PSMD13/HMBS/PSMC2/SORD/PSMA3/PSMB5/FDXR/ABCF2/EEF1E1/PSMA4/EIF2S2/EBP/QDPR/NFKBIB/HSPE1/ACLY/HMGCR/GMPS/TM7SF2/GTF2H1/SDF2L1/PSMD14/GOT1/PSMD12/ETF1/PSPH/YKT6/ME1/PIK3R3/MAP2K3/HSPA5/SERP1/SCD/SC5D/STARD4/PITPNB/CACYBP/TRIB3/LDLR/HSPD1/PSMC4/SLC9A3R1/SLC1A5/PSME3/SLC7A5/GSR/RAB1A/ASNS/MTHFD2L/TUBA4A/CCT6A/STC1/RRP9/ARPC5L/HK2/HSPA4/UFM1/CYB5B/MLLT11/IDH1/UCHL5/RIT1/STIP1/RDH11/AURKA/EGLN3/PSAT1/XBP1/SERPINH1/NUFIP1/TMEM97/BHLHE40/POLR3G/CDC25A/PNP/CYP51A1/SQLE/CDKN1A/PNO1/INSIG1/HMGCS1/IDI1
HALLMARK_MYC_TARGETS_V1,199,-0.7399416230798925,-3.086427746354037,0.0002200704225352113,0.0006472659486329744,0.000231653076352854,5089,"tags=71%, list=18%, signal=59%",MCM2/TUFM/PSMB3/EIF4H/HNRNPA3/RPS10/USP1/RPS6/PABPC4/DUT/AP3S1/SLC25A3/H2AFZ/HNRNPC/PRPF31/SNRPG/RPS3/EEF1B2/PRDX4/COPS5/MRPS18B/TYMS/NDUFAB1/SNRPD2/SRSF1/ERH/KPNB1/PSMC6/CDC45/PRDX3/PSMA7/LSM7/SYNCRIP/APEX1/HPRT1/PHB/VDAC1/SF3B3/RUVBL2/PHB2/EXOSC7/PSMB2/NME1/IFRD1/PSMA2/STARD7/PSMA6/IMPDH2/EIF3D/ORC2/PSMA1/MCM7/PSMD3/UBE2L3/SERBP1/CUL1/PSMA4/SSBP1/TXNL4A/HDDC2/TRIM28/SNRPD1/ACP1/POLD2/ILF2/CCT7/EIF2S2/CYC1/CBX3/PSMD1/C1QBP/SNRPB2/CDK4/HSPE1/PCNA/PPM1G/RANBP1/LSM2/RNPS1/TARDBP/MRPL9/EIF4A1/GSPT1/PSMD14/CCT4/SRSF2/HSP90AB1/SNRPA1/SSB/MCM6/ETF1/RAN/PWP1/VBP1/DDX18/SRM/CCT3/DHX15/TOMM70/CNBP/HNRNPD/VDAC3/ABCE1/EIF3J/HSPD1/PSMC4/HDAC2/G3BP1/SET/HNRNPU/EIF3B/NOLC1/TFDP1/CCT5/CSTF2/MAD2L1/PA2G4/PSMD7/SRSF3/EIF1AX/ODC1/PCBP1/RRP9/AIMP2/GNL3/KPNA2/DDX21/NCBP2/PTGES3/TCP1/EIF2S1/TRA2B/RSL1D1/POLE3/CCT2/CDC20/CTPS1/NOP56/NOP16/EIF4E/SRSF7
HALLMARK_TNFA_SIGNALING_VIA_NFKB,197,0.3762509285725861,1.529865841920144,0.002755326965466569,0.007653686015184913,0.002739213942276707,2493,"tags=25%, list=9%, signal=23%",IRS2/IL7R/PNRC1/BCL6/KLF9/SGK1/RNF19B/CCN1/KLF4/BTG1/CFLAR/FOSL2/CEBPD/NR4A2/KLF6/F2RL1/BIRC3/ABCA1/MAP3K8/TIPARP/DDX58/TNFAIP8/SMAD3/KYNU/SIK1/BIRC2/MAFF/BMP2/DUSP1/ZBTB10/ATF3/TGIF1/REL/ID2/NFE2L2/B4GALT1/PPP1R15A/CD44/EFNA1/NFIL3/IL23A/NFAT5/BTG2/CXCL6/CCL2/KLF2/NFKBIA/LAMB3/DENND5A
HALLMARK_P53_PATHWAY,198,0.3736309356655917,1.519837013535008,0.003123851525174568,0.008220661908354127,0.00294213163035832,1568,"tags=20%, list=6%, signal=19%",TXNIP/ZBTB16/F2R/NUPR1/COQ8A/TP63/RNF19B/MXD4/STOM/KLF4/BTG1/PERP/TM4SF1/SESN1/FOXO3/RAB40C/ABHD4/ITGB4/PTPN14/CTSF/ANKRA2/NDRG1/BMP2/RETSAT/ABCC5/ACVR1B/APAF1/ATF3/PLXNB2/KIF13B/PPM1D/VWA5A/IP6K2/RHBDF2/GM2A/SP1/SLC7A11/PPP1R15A/FBXW7/APP
HALLMARK_IL2_STAT5_SIGNALING,189,0.3740681533853363,1.511338646999181,0.004446914952751528,0.01111728738187882,0.003978818641935579,2789,"tags=24%, list=10%, signal=22%",PIM1/GABARAPL1/SMPDL3A/TNFSF10/IRF6/IKZF2/NFKBIZ/IL1RL1/KLF6/SWAP70/IFNGR1/MAP3K8/DHRS3/IGF1R/SNX9/CD86/FURIN/P4HA1/MAFF/NDRG1/BMP2/PLSCR1/TNFSF11/RABGAP1L/PRKCH/LRIG1/AHNAK/TTC39B/IGF2R/RORA/CD44/PTCH1/CA2/MAPKAPK2/ITGAV/NFIL3/HUWE1/P2RX4/ALCAM/BMPR2/DENND5A/SCN9A/ETFBKMT/NCOA3/NT5E/ITGA6
HALLMARK_APICAL_JUNCTION,192,0.3690352210419215,1.49278600667747,0.004817491198814156,0.0114702171400337,0.004105130344854169,5881,"tags=34%, list=21%, signal=27%",GRB7/JUP/DSC3/PCDH1/ITGA10/PTK2/ITGB4/CD86/FYB1/COL17A1/TSC1/ITGA2/THBS3/SLIT2/WASL/AKT3/TJP1/B4GALT1/RHOF/NEGR1/ACTG1/LAMA3/EGFR/NF1/SGCE/CRAT/ITGA9/GNAI1/FBN1/VCAN/MPZL2/LAMB3/ADAMTS5/MAP3K20/LAMC2/CDH1/ATP1A3/MADCAM1/ITGB1/EPB41L2/NEXN/ICAM5/RASA1/MAP4K2/ADAM9/PARVA/CLDN7/PTEN/ACTN3/MMP2/MYH9/CLDN18/EXOC4/DSC1/ADRA1B/CDK8/CLDN11/PKD1/LIMA1/CDSN/AMIGO1/PIK3CB/ACTA1/MYH10/CLDN14
HALLMARK_PI3K_AKT_MTOR_SIGNALING,101,-0.4072596015312885,-1.549762314490978,0.006590136054421769,0.01462869707071423,0.005235533688466147,5287,"tags=44%, list=19%, signal=36%",RPTOR/PRKAR2A/MKNK2/E2F1/ARF1/RALB/ATF1/GRK2/PIN1/UBE2D3/PRKAG1/PPP2R1B/MAP2K6/PAK4/MAPKAP1/RAC1/AP2M1/CALR/YWHAB/CDK1/SLA/MYD88/MAPK9/TNFRSF1A/RIPK1/MKNK1/AKT1/TRAF2/HRAS/CDK4/NFKBIB/ARHGDIA/CAB39L/PIK3R3/MAP2K3/TRIB3/UBE2N/GRB2/THEM4/SFN/DUSP3/RIT1/EIF4E/CDKN1A
HALLMARK_REACTIVE_OXYGEN_SPECIES_PATHWAY,49,-0.4934797435479497,-1.654037958986285,0.006729200652528548,0.01462869707071423,0.005235533688466147,5373,"tags=45%, list=19%, signal=36%",PRNP/TXNRD2/ERCC2/G6PD/ATOX1/PRDX4/LAMTOR5/SELENOS/TXN/FTL/PRDX1/LSP1/NDUFA6/NQO1/MPO/GCLM/PTPA/SBNO2/GLRX2/HMOX2/GSR/SRXN1
HALLMARK_COMPLEMENT,183,0.3670466351664448,1.477755117780681,0.00831792975970425,0.01684952978056426,0.006030358026728264,3523,"tags=23%, list=12%, signal=21%",PIM1/CD55/ANG/IRF2/CPM/CBLB/PIK3CA/LRP1/MMP13/KYNU/MSRB1/CD36/CTSB/MAFF/LGALS3/PLSCR1/FYN/FN1/TIMP2/MMP14/CLU/DOCK4/COL4A2/CA2/DOCK9/PSEN1/LAMP2/GNG2/C3/VCPIP1/PDP1/KIF2A/PHEX/CP/MMP15/F8/CTSO/PRSS36/TNFAIP3/CDH13/KCNIP2/PLAT/PLEK
HALLMARK_TGF_BETA_SIGNALING,52,0.4961606585822302,1.638670913768557,0.008424764890282132,0.01684952978056426,0.006030358026728264,3904,"tags=42%, list=14%, signal=37%",PPM1A/SMAD3/FURIN/BMP2/NOG/TGIF1/ARID4B/ACVR1/ID2/TJP1/SKI/SMURF1/PPP1R15A/SMURF2/TGFBR1/TRIM33/BMPR2/CDH1/FKBP1A/SPTBN1/LTBP2/HIPK2
HALLMARK_PEROXISOME,100,-0.3995046920332849,-1.517828779411225,0.01021711366538953,0.01930150406059944,0.006907906716425063,4800,"tags=37%, list=17%, signal=31%",DHCR24/ERCC1/TSPO/ERCC3/CLN6/ABCD3/ACSL4/ITGB1BP1/CTBP1/ACAA1/PEX6/ABCB1/PRDX1/SLC35B2/PEX2/PEX11A/SLC25A4/HRAS/PEX14/SLC27A2/ECI2/YWHAH/CRABP2/FDPS/ALDH9A1/CNBP/PEX5/NUDT19/HSD11B2/CLN8/CTPS1/ISOC1/IDH1/RDH11/SLC25A19/SLC25A17/IDI1
HALLMARK_WNT_BETA_CATENIN_SIGNALING,40,0.5274048937414298,1.659587462769692,0.0104228121927237,0.01930150406059944,0.006907906716425063,3132,"tags=30%, list=11%, signal=27%",DKK1/HDAC5/FRAT1/LEF1/DLL1/PTCH1/DVL2/GNAI1/HEY1/TP53/AXIN2/NCSTN
HALLMARK_KRAS_SIGNALING_UP,186,0.3475180233890898,1.402735935482803,0.01514591799039527,0.02704628212570584,0.009679722023936828,4131,"tags=26%, list=15%, signal=23%",IL7R/TFPI/KLF4/JUP/SPRY2/CXCR4/ZNF277/SATB1/F2RL1/BIRC3/HDAC9/APOD/SPON1/MMD/BMP2/ITGA2/MTMR10/AKAP12/RABGAP1L/VWA5A/TOR1AIP2/ADGRL4/ID2/MAP3K1/SDCCAG8/PPP1R15A/DNMBP/CPE/EVI5/CA2/PRDM1/TRIB2/STRN/CBL/CBR4/MPZL2/NIN/TNFAIP3/CXCL10/PTBP2/ST6GAL1/PLAT/PRKG2/FGF9/ANO1/ACE/ITGBL1/EPB41L3/MAP7
HALLMARK_GLYCOLYSIS,197,-0.3275571649636617,-1.365056051158903,0.01755155770074594,0.03026130638059645,0.01083036228358189,5418,"tags=41%, list=19%, signal=33%",UGP2/LHX9/AC074143.1/B3GAT1/TPI1/SDC2/MDH2/SDHC/MDH1/TKTL1/BIK/BPNT1/G6PD/MIOX/GAL3ST1/FAM162A/CLN6/CHST6/ANGPTL4/VEGFA/ARTN/STC2/GYS1/HOMER1/RPE/TXN/ENO1/EFNA3/RBCK1/ALG1/ABCB6/CHST1/CDK1/B3GALT6/GALK1/DDIT4/SLC25A13/SDC1/PPP2CB/ECD/P4HA2/NANP/PGAM1/TGFA/B4GALT2/HAX1/GMPPA/CYB5A/SLC16A3/B3GAT3/GNPDA1/GOT1/RARS/CHPF2/CHST4/KDELR3/XYLT2/MED24/ME1/HSPA5/ALDH9A1/IER3/SLC25A10/PSMC4/PRPS1/NDUFV3/PMM2/GALE/GPC1/STC1/ADORA2B/HK2/POLR3K/COG2/GMPPB/IDH1/AURKA/EGLN3/FKBP4/NSDHL
HALLMARK_APICAL_SURFACE,42,0.4899545495652162,1.556553214072188,0.02277635970940507,0.03796059951567511,0.0135858987740311,2875,"tags=24%, list=10%, signal=21%",GAS1/LYPD3/SULF2/SRPX/CRYBG1/B4GALT1/APP/EPHB4/EFNA5/ADAM10
HALLMARK_MYOGENESIS,180,0.3330484962783201,1.337921804502826,0.03084928451960602,0.04975691051549358,0.01780773639501876,3505,"tags=21%, list=12%, signal=18%",ERBB3/HDAC5/NAV2/FOXO4/APOD/ITGB4/CD36/SPTAN1/MYLK/MYOM1/PLXNB2/CLU/GSN/SSPN/COL4A2/APP/COL6A3/CKMT2/SVIL/TSC2/CHRNB1/CRAT/KLF5/SCHIP1/COL3A1/SORBS1/FHL1/ITGB1/CKB/EIF4A2/EPHB3/COL6A2/RB1/CDH13/GADD45B/ABLIM1/MYH11
HALLMARK_BILE_ACID_METABOLISM,104,0.369127416938281,1.377936555012097,0.03596179059749017,0.05619029780857839,0.02011021184728069,2228,"tags=17%, list=8%, signal=16%",ABCA6/HSD17B11/ABCA9/SULT1B1/PNPLA8/ATXN1/OPTN/ABCA1/CAT/RETSAT/NR3C2/NPC1/BBOX1/ABCA5/TFCP2L1/CYP39A1/NEDD4/HSD17B6
HALLMARK_XENOBIOTIC_METABOLISM,187,0.3249544918116745,1.31282952003327,0.03778105418356063,0.05724402149024339,0.02048733400703448,1875,"tags=13%, list=7%, signal=13%",PDK4/GABARAPL1/MAOA/AKR1C2/JUP/HSD17B2/SLC46A3/GCLC/ARG2/PINK1/KYNU/CD36/CAT/RETSAT/MAN1A1/VNN1/NPC1/AKR1C3/TGFB2/ID2/FBLN1/LPIN2/CA2/ATOH8/CYP1A1
HALLMARK_ADIPOGENESIS,194,0.3156773268753811,1.27940471676297,0.05005541189508681,0.07361089984571591,0.02634495362899306,2366,"tags=16%, list=8%, signal=15%",CCNG2/BCL6/ANGPT1/PDCD4/RIOK3/STOM/BCKDHA/ABCA1/IFNGR1/PPM1B/CAVIN2/CD36/FZD4/CAT/MYLK/RETSAT/LIFR/BCL2L13/MCCC1/ITSN1/SSPN/ADCY6/DNAJB9/RTN3/DRAM2/BAZ2A/C3/OMD/APLP2/CRAT/SLC27A1/CD151
HALLMARK_COAGULATION,123,0.3473295733662209,1.327363357314706,0.05335564231269753,0.07471016058183913,0.02673837326086875,4662,"tags=28%, list=16%, signal=23%",ANG/LRP1/FURIN/CTSB/KLF7/MAFF/ITGA2/MST1/FYN/FN1/MMP14/CLU/GSN/TIMP3/A2M/LAMP2/C3/FBN1/MMP1/MMP15/F8/CTSO/PLAT/PROC/PLEK/C9/WDR1/ADAM9/SPARC/USP11/PROS1/SERPINC1/MMP2/PDGFB
HALLMARK_FATTY_ACID_METABOLISM,148,-0.3183303527985999,-1.281221197675128,0.05379131561892418,0.07471016058183913,0.02673837326086875,1505,"tags=41%, list=5%, signal=39%",PSME1/TDO2/ELOVL5/CYP4A22/GRHPR/ADSL/BPHL/ACO2/SMS/PRDX6/EPHX1/METAP1/UBE2L6/LGALS1/KMT5A/ECH1/SUCLG1/S100A10/UROD/MDH2/SDHC/MDH1/ADIPOR2/DHCR24/PDHA1/ECI1/H2AFZ/OSTC/ACSL4/ACAA1/IDH3B/DECR1/IDH3G/ECHS1/NTHL1/APEX1/UROS/CRYZ/HSD17B10/FH/AADAT/HSD17B7/ECI2/YWHAH/CBR1/ME1/ALDH9A1/HSP90AA1/ODC1/RDH16/ACAT2/HCCS/PTS/CCDC58/IDH1/RDH11/NSDHL/SLC22A5/HSPH1/HMGCS1/IDI1
HALLMARK_INFLAMMATORY_RESPONSE,175,0.3110214802576599,1.246482578851591,0.07295504789977893,0.0975628238280621,0.03491722115951697,3301,"tags=20%, list=12%, signal=18%",HAS2/SLC7A2/IL7R/CD55/TNFSF10/ITGB8/KLF6/IL15/ABCA1/TLR1/ABI1/ACVR1B/AXL/MMP14/P2RX7/IFNAR1/PSEN1/GABBR1/BTG2/SLC31A2/P2RX4/MET/CXCL6/CCL2/CXCL8/ROS1/LAMP3/NFKBIA/OSMR/IL18RAP/RNF144B/ATP2B1/CXCL10/TAPBP/TLR3
HALLMARK_HEDGEHOG_SIGNALING,33,0.4612806633044387,1.395151426879707,0.07597173144876325,0.0975628238280621,0.03491722115951697,4653,"tags=42%, list=16%, signal=36%",DPYSL2/OPHN1/RTN1/PTCH1/NF1/TLE1/HEY1/CELSR1/VLDLR/ADGRG1/L1CAM/RASA1/CRMP1/MYH9
HALLMARK_ESTROGEN_RESPONSE_EARLY,194,0.3042089971334276,1.232924865610908,0.07609900258588843,0.0975628238280621,0.03491722115951697,3444,"tags=24%, list=12%, signal=21%",SLC7A2/SYBU/GAB2/OPN3/KLF4/NAV2/AQP3/MYB/KDM4B/TIPARP/DHRS3/IGF1R/MINDY1/OVOL2/ADD3/HR/KRT15/MAST4/MED13L/DEPTOR/ELF1/LRIG1/FLNB/B4GALT1/GREB1/FRK/CD44/AFF1/FKBP5/CELSR2/SEC14L2/SVIL/TFAP2C/WFS1/ELF3/CHPT1/AR/RETREG1/CELSR1/MYOF/SLC1A1/GJA1/DYNLT3/SLC26A2/SLC1A4/ABLIM1
HALLMARK_PROTEIN_SECRETION,94,0.3489369823488843,1.281071011074638,0.09029217719132894,0.1128652214891612,0.04039386874348927,5016,"tags=34%, list=18%, signal=28%",DST/ABCA1/STX7/ATP1A1/ARFGEF1/DOP1A/SSPN/SCAMP1/IGF2R/ICA1/VPS4B/TSG101/EGFR/LAMP2/PAM/SNAP23/TMED10/ADAM10/ARFGEF2/RAB5A/AP3B1/AP2B1/TPD52/KIF1B/VAMP4/SEC31A/CLCN3/GBF1/RAB22A/SNX2/LMAN1/RPS6KA3
HALLMARK_ESTROGEN_RESPONSE_LATE,188,-0.2818479006047799,-1.168732522267291,0.1276086956521739,0.1556203605514316,0.05569570798682816,3530,"tags=21%, list=12%, signal=19%",ALDH3B1/SEMA3B/DCXR/KCNK5/DHCR7/HPRT1/KRT19/FOXC1/TH/SORD/SIAH2/IL17RB/BTG3/SLC27A2/PKP3/MEST/PTGES/GINS2/MOCS2/SLC9A3R1/SLC29A1/XRCC3/SLC7A5/AREG/FABP5/GALE/FDFT1/RBBP8/SFN/NXT1/DUSP2/METTL3/CDC20/CISH/XBP1/FKBP4/CCND1/CDC6/PPIF/SLC22A5
HALLMARK_INTERFERON_ALPHA_RESPONSE,96,0.3263613596992652,1.203488288058716,0.1522918615528531,0.181299835181968,0.0648862568019675,1755,"tags=12%, list=6%, signal=12%",TXNIP/GBP2/IRF2/IL15/STAT2/PLSCR1/NUB1/NCOA7/ELF1/SAMD9/IRF9/EPSTI1
HALLMARK_ANDROGEN_RESPONSE,97,0.3161872735654,1.167704994351755,0.185636602287643,0.215856514287957,0.07725391037674251,2089,"tags=21%, list=7%, signal=19%",HPGD/ARID5B/SGK1/SLC38A2/SELENOP/PTK2B/BMPR1B/TNFAIP8/NDRG1/LIFR/ZBTB10/AKAP12/B4GALT1/DNAJB9/ITGAV/MAF/ZMIZ1/FKBP5/ELK4/CDC14B
HALLMARK_INTERFERON_GAMMA_RESPONSE,185,-0.2710698002839771,-1.120508492808358,0.1931694583423972,0.2186658977316417,0.0782593739250086,3514,"tags=24%, list=12%, signal=21%",RBCK1/OASL/SAMD9L/PSME2/IL4R/PARP12/PSMB10/OGFR/PSMB8/MYD88/PSMB2/PSMA2/RIPK1/MTHFD2/PSMA3/HIF1A/TRIM14/GCH1/CASP3/BST2/PML/IL15RA/NUP93/ITGB7/IFI44/APOL6/LYSMD2/PTPN1/UPP1/SOCS1/TRIM21/PDE4B/BPGM/CASP8/CASP7/IFIT1/SLAMF7/PNPT1/TNFAIP2/NLRC5/USP18/ISOC1/PNP/CDKN1A
HALLMARK_ALLOGRAFT_REJECTION,162,-0.2765229054627403,-1.125434924530615,0.1967993079584775,0.2186658977316417,0.0782593739250086,3261,"tags=23%, list=11%, signal=21%",RPS3A/IL18/ETS1/THY1/IL4R/HLA-DOB/PSMB10/TAP2/IL27RA/EREG/LYN/NME1/RPL9/EIF3D/AKT1/AARS/EIF5A/HIF1A/MTIF2/TRAF2/LIF/IL12A/DYRK3/DEGS1/CSF1/RARS/SOCS1/ABCE1/EIF3J/MRPL3/BCL3/UBE2N/IL1B/CSK/NLRP3/CCND3/GLMN/ICOSLG
HALLMARK_NOTCH_SIGNALING,30,0.4093900986981929,1.206662166537413,0.2070281124497992,0.2250305570106513,0.08053725198275943,3760,"tags=37%, list=13%, signal=32%",LFNG/TCF7L2/FZD7/NOTCH3/DLL1/MAML2/DTX4/ARRB1/FBXW11/ST3GAL6/NOTCH2
HALLMARK_IL6_JAK_STAT3_SIGNALING,74,0.3230687301406432,1.139584618837112,0.2294364051789794,0.2440812821052973,0.08735540622715904,2542,"tags=19%, list=9%, signal=17%",PIM1/IFNGR1/MAP3K8/STAT2/CD36/ACVR1B/LEPR/CD44/IRF9/IFNAR1/A2M/ACVRL1/CBL/OSMR
HALLMARK_ANGIOGENESIS,33,0.3492639044302682,1.056354782211781,0.370239497447978,0.3856661431749771,0.1380278828205181,2434,"tags=27%, list=9%, signal=25%",PTK2/APP/ITGAV/LUM/COL5A2/CXCL6/PRG2/VCAN/COL3A1
HALLMARK_PANCREAS_BETA_CELLS,29,-0.3307937139219767,-0.9924693420100174,0.4614465032875075,0.4708637788648036,0.1685196682252982,5272,"tags=31%, list=19%, signal=25%",DCX/SEC11A/STXBP1/SRP9/SPCS1/SRPRB/VDR/PDX1/MAFB
HALLMARK_SPERMATOGENESIS,108,0.2405053769561137,0.9029647894090351,0.6624976666044428,0.6624976666044428,0.2371044280479059,4329,"tags=22%, list=15%, signal=19%",IP6K1/TLE4/SIRT1/BRAF/TTK/PCSK4/ACRBP/PHF7/MLLT10/CAMK4/CCNB2/NEK2/SLC2A5/CSNK2A2/GMCL1/DMC1/CLGN/ACE/TOPBP1/STRBP/MAP7/LPIN1/ADCYAP1/YBX2
